Robert B³a¿ej;Kowalczyk-Wilczyñski;+00068198879;priorytet
Szymon;Sowa;387490314;priorytet
Bartosz;Ardanowski-Sosnowski;624 716 185;znajomi
Aleksander Tomasz;Szopa;109705276;studia
Urszula;Kulesza;932682907;praca
Paulina;Szyd³o-Borys;+94 78 713 25 22;znajomi
Killion Jaros³aw;Karpiñski;55-068-69-52;spam
Dorota;M³yñczak-Gonciarz;906242346;dostawcy
Borys Piotr;Hibner-Czernow;99 922 85 82;dostawcy
Cezary;Bejda-Hok;337-531-051;dostawcy
Dorota;Korol;263 916 550;studia
Mieczys³aw;Furgo-Galemba;+58-41-624-10-63;rodzina
And¿elika;Szyszko;47-803-14-35;praca
Waldemar;Osuch;960-491-540;studia
Dominik;Winnicki;092037258;spam
Anna Urszula;Plocke;014 067 548;dostawcy
Miros³aw Jan;Lorek;152 278 054;rodzina
Beata Iwona;Bubula;40 960 40 29;dostawcy
Izabela Halina;Lieder;288-47-84;znajomi
Tomasz Andrzej;Krawczyk-Gosiewski;144179825;priorytet
Izabela Bo¿ena;Furgo-Warzecha;801-07-19;znajomi
Tomasz Borys;Witek;614 769 739;praca
Iwona Zofia;Lorek;3360473;znajomi
Leszek;Bañkowski;+5-75-064-12-91;zablokowani
Jaros³aw;Uœciñski;480 786 591;priorytet
Iwona Ma³gorzata;Rostkowska;966313976;studia
Urszula Ma³gorzata;Szewczak;+3 08 473 05 26;priorytet
Leszek Szymon;Micha³kiewicz-Rozpondek;971-196-321;rodzina
Agata;Gapiñska-Ok³a;575-412-813;praca
Wojciech Mariusz;Rosa-Mucha;658 614 803;rodzina
Dominik;Rzoñca;98-442-01-42;praca
Anna;Mazurek;+63457321016;studia
Jolanta;Brynkus;834 37 31;znajomi
Dominik Adam;£awniczak;053 065 014;dostawcy
Halina;Lorek;857243212;dostawcy
Halina Monika;Strycharska;171-239-714;znajomi
Artur Kamil;Kloc;+29-65-625-64-12;priorytet
Rajmund Tadeusz;Morawiecki;486-31-18;dostawcy
Marzena Bo¿ena;Witczak;559-35-59;rodzina
W³odzimierz Krzysztof;Œcigaj-Krzywonos;48-657-31-72;priorytet
Dariusz;Biernacki;098 090 946;praca
Kazimierz Zdzis³aw;Schreiber;473434630;studia
El¿bieta;Borowczak;+51590555532;priorytet
£ukasz;Drewnowicz-Cyrañski;967 937 950;rodzina
Aleksander B³a¿ej;Leœniak;452904376;praca
Agata Miros³awa;Kloska;707 978 174;spam
Józefa;Miller;209385399;rodzina
Cezary Stefan;Cyrañski;969-134-728;praca
Jerzy;Sprawka-Kurzêpa;646 558 757;dostawcy
Danuta;Witek;949-83-60;rodzina
Zdzis³aw;Rutnicki-W¹sik;447 302 306;rodzina
Krzysztof Mieczys³aw;Borys;845 775 347;znajomi
Paulina Zofia;Ast;676574256;rodzina
Bo¿ena;Libera;700 917 868;dostawcy
Marzena Bo¿enna;Pihowicz;+94 075 598 330;rodzina
Ireneusz Dariusz;Kobyliñski-Gadowski;962928465;dostawcy
Zbigniew;Kosiniak-Œwiêcicki;650-053-714;rodzina
Grzegorz Janusz;Œcigaj;697-41-65;spam
Barbara;Go³ojuch;493 145 501;znajomi
Kornelia Agata;Ha³as;+71 966 549 392;praca
Jakub;Malik;973171128;znajomi
Szymon;Kryj;503-61-56;praca
Józefa;Drewnowicz;176-493-778;studia
Alicja Bo¿ena;Siarka;504-190-613;studia
Zbigniew Waldemar;Mê¿yd³o;311326967;znajomi
Cezary Kornel;Kidawa-Kaleta;885-987-078;znajomi
Mariusz;Szopa-Telus;203-339-128;rodzina
Daniel;Osuch-Koz³owski;+78 23 885 89 50;studia
Krystyna;Rozpondek-Gryglas;54-562-64-03;praca
Miros³aw;Gawron;075967522;praca
Dorota;Szczerba-Zembala;+70419948768;studia
Jakub;Mieszkowski;469873831;praca
Lech Kornel;Krz¹ka³a-Urbaniak;12-329-40-05;dostawcy
Anita;Witczak;+5-44-404-52-54;dostawcy
Antoni Lech;Bukiewicz-Wilczyñski;+14-160-902-902;spam
Jerzy Andrzej;Drewnowicz;407-825-613;praca
Waldemar;Kilian;+3-02-590-48-39;dostawcy
Ma³gorzata Kinga;Augustynowska-Czech;196 229 855;znajomi
Adam;Pampuch;491893727;dostawcy
Katarzyna Bo¿ena;Dolniak;78-388-61-11;znajomi
Teresa;Dworczyk;975 245 527;rodzina
Paulina;Kubów;131-020-354;rodzina
Henryka And¿elika;Marchewka-Protasiewicz;5525140;znajomi
Paulina Gabriela;Hajos;41-081-48-51;studia
Tadeusz Leszek;Zwiercan;27-450-01-88;rodzina
Wojciech S³awomir;Zwiercan-Golbik;830982403;studia
Miros³aw Dominik;Skutecki-Osos;+4571417678;praca
Marzena;Glenc;550-074-450;studia
Izabela;Raniewicz;653 856 998;rodzina
Mieczys³aw Krystian;Lieder;06-606-00-30;znajomi
Tomasz Rajmund;Materna;1005124;spam
Anna;Ar³ukowicz;2389823;priorytet
Halina Katarzyna;Jarubas-Œcigaj;+74 99 991 00 08;rodzina
Alicja Paulina;Lenz;328-744-969;dostawcy
Dorota Paulina;Filipiak-D³ugi;463 212 483;dostawcy
Bernadeta Anna;Dziuk-Borys;21 068 81 47;rodzina
Jerzy;Hora³a-Ok³a;311253885;studia
Katarzyna;Go³ojuch;743 846 486;zablokowani
Maria;Mê¿yd³o-Œniadek;730 728 017;zablokowani
Józef;Majka-Gelert;303969585;znajomi
Zofia Józefa;Krynicka-Bejda;225545298;dostawcy
Lidia;Sowa;102-682-935;dostawcy
W³odzimierz;Kilian-Tyszkiewicz;+01428779369;studia
B³a¿ej Witold;Gowin;78 464 05 07;rodzina
Krzysztof W³adys³aw;Suchoñ;52 496 43 76;priorytet
Agnieszka Bo¿ena;Augustynowska;+77-65-727-55-16;dostawcy
Ryszard Patryk;Osos;+14134956447;rodzina
Anna;Hok-Szyde³ko;517984291;dostawcy
And¿elika;Urbaniak;+45-432-207-272;priorytet
£ukasz;Aziewicz-Furgo;667646640;znajomi
Szymon;Filipiak-Kaleta;81-188-27-06;spam
Zbigniew Aleksander;Hibner-Suski;395-149-568;dostawcy
Pawe³ Stefan;Stachowiak;503858794;znajomi
Agata Izabela;Jaskó³a;242934536;rodzina
Czes³aw Rajmund;Œwiêcicki-Bañkowski;813873118;dostawcy
Stefan;Andruszkiewicz-Scheuring;960755739;znajomi
Henryka;Nemœ-Paw³owicz;429303424;rodzina
Aleksander Henryk;Kosiniak;+5149857103;zablokowani
Agnieszka;Jarubas;325 32 72;znajomi
£ukasz;Stachowiak;+4 59 784 99 84;rodzina
Krystyna Ewa;Nemœ;20-977-87-82;studia
Halina Miros³awa;Andruszkiewicz;+55295183731;rodzina
Marzena Dorota;Matusiewicz-Radziszewska;650442182;dostawcy
Kinga Krystyna;Mazurek-Paluch;132-856-585;praca
Henryka Bo¿enna;Piêta-Ró¿ecka;944001449;rodzina
Waldemar;Jêdrysek;+0-00-499-44-20;rodzina
Mieczys³aw;Matuszny-Krawczyk;+6-78-396-10-92;znajomi
Henryk;Szumilas;041-289-599;rodzina
Leszek Mariusz;G³ogowski-Kostuœ;927-975-287;priorytet
Marta;Ar³ukowicz;+2 403 838 886;spam
Agata Kornelia;Nowicka-Leszczyna;116893888;znajomi
B³a¿ej Maciej;Gliñski-Kuchciñski;654875240;rodzina
Aldona;Janyska;+3076044298;praca
Aleksander;Galemba;78-182-73-58;studia
Magdalena;Ar³ukowicz;074-15-25;spam
Marek;Skutecki;985187421;rodzina
Anna;Jakubiak-Kopciñska;721 454 175;rodzina
Henryka Iwona;Zembala-Paul;61 178 23 52;studia
Stanis³aw Przemys³aw;Milewski;+2-940-874-006;dostawcy
Henryka Lidia;Micha³kiewicz;7835027;studia
Bo¿ena Krystyna;WoŸniak-Skowroñska;925-208-169;zablokowani
Tomasz;Sanocki;09-230-93-55;znajomi
And¿elika;G¹dek;9521418;praca
Józefa Teresa;Skwarek;6424893;praca
Józefa;Szewczak;303996157;studia
Jolanta;Budka;465258778;rodzina
Bo¿enna Kornelia;Wróblewska;365128768;studia
Miros³awa;Dziuba;+5 170 301 071;studia
Jagna Bo¿enna;Szyd³o;7382857;studia
Teresa;Szczurek-Hajos;45 996 18 31;praca
Halina Gabriela;Sellin;730-613-216;dostawcy
Cezary Daniel;Jakubiak-Koz³owski;557-749-716;zablokowani
Lech Killion;Lorek;153 63 11;studia
Sylwester;Mieszkowski;292-055-590;znajomi
Aldona And¿elika;W¹sik;670179959;studia
Jagna Zofia;Olejniczak;636-573-037;dostawcy
Jakub;Pampuch;302-51-92;studia
Piotr Miros³aw;Pampuch;291-20-75;rodzina
Magdalena;Porwich-Neumann;+4 089 640 100;praca
Robert Zbigniew;Kownacki-Truskolaski;+57907088960;znajomi
Zofia Alicja;Porwich-Sowa;3508849;znajomi
Monika;Puda-Szumilas;248 28 55;rodzina
Iwona Halina;Dolniak;+0 595 712 350;rodzina
Szymon Jan;Jach-Rz¹sa;110 326 441;praca
Kornel;Truskolaski;331524499;rodzina
Jagna Halina;Chrobak;+2 71 173 58 09;priorytet
Waldemar;Skutecki;508-93-48;rodzina
Aldona Alicja;Wilk;19 277 93 20;priorytet
Krystian Szymon;£opata-Maciejewski;916 22 47;znajomi
Kornelia;Galemba;697 464 578;dostawcy
Zbigniew Sylwester;Marczu³ajtis;498 792 052;dostawcy
Lidia;Szyszko;+9-423-655-500;spam
Kinga;Nykiel-Nowak;+14-964-088-571;znajomi
Andrzej;Hibner;+02 590 371 705;priorytet
Arkadiusz;Maliszewski-Ar³ukowicz;250566634;znajomi
Iwona;Œniadek;918-993-460;praca
Rados³aw;Sza³abawka;545 299 121;rodzina
Patryk;Meysztowicz-Siarka;421-03-04;zablokowani
Maria Halina;Zwiercan;66 043 34 37;praca
Monika;Ha³as;174 789 985;znajomi
Tadeusz;Skwarek;033485138;spam
Czes³aw;Warwas;4365760;rodzina
Witold Czes³aw;Obrycki;774 751 327;dostawcy
Waldemar;Matusiewicz-Drewnowicz;739254397;dostawcy
Józefa Zofia;Bartosik;975 073 369;priorytet
Agata Aldona;Szramka;364 697 650;dostawcy
Iwona;Czochara;+1342481696;rodzina
Lidia Genowefa;Kopciñska;584-669-695;rodzina
Agata;Szefernaker-£awniczak;+33 12 762 99 19;rodzina
Teresa Danuta;Piechota-Rafalska;042631655;znajomi
Ryszard;Pud³owski-Babiarz;+01 98 815 36 41;zablokowani
El¿bieta Magdalena;Puda;587368406;znajomi
Przemys³aw Patryk;Jaskó³a;597-535-015;priorytet
Agnieszka Ma³gorzata;Siarkowska;572-69-52;spam
Eugeniusz;Ma³ecki;83 199 07 07;studia
And¿elika Miros³awa;Pas³awska-Kopacz;+27390490918;znajomi
Stefan;Cyrañski;877798700;rodzina
Waldy;B¹k-Olszówka;+57410951199;praca
Miros³awa Bernadeta;Go³ojuch;+43 95 417 19 61;dostawcy
Anita Bernadeta;Kwitek;+7912371893;zablokowani
Leszek;Jachnik;229 41 60;rodzina
Adam Borys;Nitras;604 865 529;studia
Bo¿enna Bernadeta;Kloc-Wielichowska;688-272-973;rodzina
Ireneusz Maciej;G¹dek;527111410;praca
Izabela;Bubula;477331271;zablokowani
Gabriela;Micha³kiewicz-Warzecha;534935895;znajomi
Marek Leszek;Stachowiak;805802503;znajomi
Krystyna;Hennig;837-891-188;znajomi
Henryka;Osuch;489 486 065;znajomi
Stanis³aw;O³dakowski-Nykiel;876792412;studia
Killion;Lassota-Polaczek;2670382;rodzina
Anita;Wasilewska-Lamczyk;324456423;praca
Beata;B³aszczak;717 676 584;dostawcy
W³odzimierz Wies³aw;Lieder;30 069 29 06;studia
Lech Leszek;Weber-G³uchowski;947446005;znajomi
Gabriela El¿bieta;Mielewczyk-Ha³as;+52-207-401-349;znajomi
Halina;Pietraszewska-Duszek;695-971-281;praca
Kornel;Papke-Leszczyna;+12-345-944-416;praca
Barbara Paulina;Skwarek;729 29 85;rodzina
Marta;Mielewczyk;8781199;priorytet
Marzena Anna;Marzec;978-21-27;praca
Monika Bo¿ena;Mrzyg³ocka;620 749 254;rodzina
Wies³aw;Macierewicz;519-87-33;praca
Micha³ Kornel;Dolniak;+74656142627;znajomi
Bo¿enna;Melak;478-415-941;praca
Krystyna;Czernow-Hajos;0021853;praca
Tomasz;Puda-Czech;633 585 120;rodzina
Barbara;Kozanecka;959-466-247;rodzina
Roman;Sasin;+41666234208;znajomi
Wojciech Krystian;Andzel;+17 608 059 613;dostawcy
W³adys³aw Dariusz;Bukiewicz;932142528;rodzina
Joanna;Pas³awska-Pyzik;886520637;rodzina
Leonard;Plocke;176 491 448;praca
Przemys³aw Ireneusz;Szumilas;44-995-64-41;dostawcy
Teresa Jagna;Burzyñska;37 405 26 18;dostawcy
Mariusz Kornel;Karpiñski-Sellin;89-844-80-85;rodzina
Andrzej;Szramka-Filipiak;+6459935346;rodzina
Miros³awa;Go³ojuch;627-536-000;znajomi
Patryk Sylwester;Müller;+1 238 419 378;rodzina
W³odzimierz;Zembala;546-563-886;rodzina
Miros³awa;Biernat;694742365;dostawcy
Marta Jolanta;Pyzik;140 365 152;praca
Bo¿ena;Mroczek-Katarasiñska;915-14-76;praca
Joachim Tadeusz;Waszczykowski-Kucharski;+77 88 999 85 01;dostawcy
Kornel;Pêpek;+91-35-584-79-34;znajomi
Kornelia Jagna;Moskal-Glenc;629-12-90;priorytet
Zofia;Mrzyg³ocka;2511104;znajomi
Bogdan Jan;Mas³owski;+21 57 390 24 29;rodzina
Ma³gorzata Teresa;Œniadek;+4 227 667 016;rodzina
Paulina Lidia;Kosiniak;288 286 279;praca
Joanna;Melak;219-614-375;priorytet
Iwona Ma³gorzata;Œwiat;571-639-710;rodzina
Lech £ukasz;Plocke;164-603-764;rodzina
Miros³awa;WoŸniak-Parda;19 477 12 21;spam
Józefa Bo¿enna;Mazurek;874-949-039;zablokowani
Gabriela;Macha³ek;840-225-916;praca
Ma³gorzata Anna;Hora³a;08 297 87 70;znajomi
Aleksander;Szlachta;070611087;praca
Tomasz;Munyama;81 338 23 33;rodzina
Anna;Leszczyna-Jachnik;885 804 725;studia
Henryk Marek;Paul;+6 357 908 743;znajomi
Rajmund;Mielewczyk;843 338 956;priorytet
Teresa El¿bieta;Lorek;+11-798-176-048;praca
Pawe³ Waldemar;WoŸniak;602 323 746;rodzina
B³a¿ej;Zió³kowski-Zembala;407 131 228;znajomi
Piotr;Nykiel;42-618-43-37;praca
B³a¿ej Kazimierz;Mateusiak;087283006;znajomi
Krystyna;Miller;7308228;studia
Killion;Ko³acz-Majka;743-038-996;znajomi
Agata;Glenc-Lenartowicz;+7 440 641 607;dostawcy
Edward;B¹k;748 45 71;dostawcy
Henryk Artur;Pihowicz-Lorek;875-282-600;dostawcy
Waldemar Henryk;Skwarek;612 981 556;rodzina
Rajmund Waldemar;Lubczyk;634 479 496;dostawcy
Aleksander Edward;Milewski;800 642 762;zablokowani
Kornelia;Latos;202-34-86;rodzina
Lidia Marzena;Wielgus;583406025;rodzina
Daniel Pawe³;Gosiewski;146717476;rodzina
Aldona Henryka;Mas³owska;913 054 779;praca
Urszula Maria;Klawiter;857-508-459;praca
Tadeusz;Hennig-Telus;26 444 95 32;rodzina
Jacek Pawe³;Kossakowski-Biernat;997-07-98;rodzina
Jaros³aw Ryszard;Puda;397-534-220;dostawcy
Paulina;Cieœlak;157 007 792;znajomi
Urszula;Kruk-Macierewicz;671177898;praca
Roman;Cieœliñski;333321576;studia
Monika;Borys;732 668 822;studia
Aleksander;Krawczyk-Nitras;260-847-344;priorytet
Wojciech Zdzis³aw;Naimski;+5-95-108-98-14;praca
Krystian Patryk;Urbaniak;619-652-104;spam
Patryk Józef;Rzepecki;931202575;praca
Roman Grzegorz;Arndt;550911745;priorytet
Cezary;Pêpek;602491530;praca
B³a¿ej Miros³aw;Macierewicz;699305284;znajomi
Leszek;Macha³ek;694 960 989;rodzina
Halina;Matuszny;+54-38-311-97-19;studia
Jaros³aw;Kropiwnicki;349725878;priorytet
Bo¿ena;Borowiec;769-26-17;znajomi
Henryk Marek;Lamczyk;+78011443224;praca
W³adys³aw Mariusz;Grabiec;+75802158037;praca
Pawe³;Smoliñski-Macierewicz;57 338 64 50;studia
Joachim;Micha³ek-Czartoryski;842167075;znajomi
Jolanta Józefa;B¹k-Murdzek;668 109 717;dostawcy
Alicja;Majka-Kostuœ;963-09-81;priorytet
W³adys³aw £ukasz;Ast;594 023 205;studia
Lech;Chruszcz;466 470 080;rodzina
Halina;Zieliñska;953-222-457;studia
Aleksander Henryk;Raœ;365-74-98;spam
Marta Maria;Augustynowska;+02 654 842 854;znajomi
Leonard S³awomir;Go³ojuch;304 289 656;znajomi
Rafa³;Sitarski-Matuszny;556 708 572;spam
W³adys³aw;Kuchciñski;126 563 792;rodzina
Lech;Dobrzyñski;307-019-076;rodzina
Piotr Patryk;Grabarczyk;597 32 95;rodzina
Marta Maria;Marek-Król;1586372;priorytet
Katarzyna Genowefa;Sz³apka;+7 980 354 498;studia
Kamil Micha³;Piêta-Moskal;+08-260-317-567;studia
El¿bieta Zofia;Drozd;226-40-75;znajomi
Jolanta Danuta;Gawron-Szwed;95 830 65 83;znajomi
Iwona;Zieliñska;335 011 657;znajomi
Aldona Izabela;Józwiak-Miazga;172-62-71;priorytet
Agata Ma³gorzata;Kobylarz;52-113-81-76;znajomi
Norbert Marian;Bukiewicz;+31 391 465 015;zablokowani
£ukasz;Tomczak;229-956-006;praca
£ukasz Sylwester;Osos;988913051;dostawcy
Józefa;Bartuœ;349539115;priorytet
Krystyna Marzena;Misi³o;569 246 615;dostawcy
Joanna;Bia³kowska-£opata;9161690;znajomi
Ma³gorzata;Drewnowicz-Józwiak;737-870-269;spam
Izabela Henryka;Leszczyñska-Walczak;7147761;znajomi
Stefan;Bielecki;524-407-333;dostawcy
Genowefa;Bartosik-Porzucek;833 208 580;rodzina
Henryk;Porwich;327 407 697;priorytet
Genowefa;Szczurek;66-607-61-05;dostawcy
Ewa Anna;Hora³a;962309790;dostawcy
Beata;Œniadek;460-847-572;priorytet
Dorota;Borowczak;441-81-32;rodzina
Józefa Teresa;Sz³apka;887 434 090;znajomi
Kamil Krystian;Meysztowicz;027665228;znajomi
Halina;Ko³acz-Wielichowska;+98198118562;priorytet
Marcin Edward;Misi³o-Hanajczyk;311254576;rodzina
Pawe³;Olszewski;53-442-91-28;spam
Teresa Marzena;Filipiak-Macierewicz;9417412;rodzina
Rajmund Marcin;Mieszkowski-Lipiec;1423408;rodzina
Krystian Arkadiusz;Wojtkiewicz;798-393-591;zablokowani
Krzysztof;Janik;043 147 517;praca
W³odzimierz;Rzymkowski-Nykiel;895-002-106;priorytet
Bogdan Marian;Ardanowski-Chmielowiec;4408419;studia
Piotr Stanis³aw;Brudziñski;416494694;znajomi
Barbara Halina;Witek;01 348 47 83;praca
Robert Lech;Kubiak;6527294;znajomi
W³adys³aw;Weber;909-62-48;dostawcy
Iwona Ewa;Jaskó³a;43-944-81-19;dostawcy
Ewa;Nemœ-Biernat;722781474;praca
Jan Krzysztof;Gelert;649162153;studia
Jacek Joachim;Piêta-O³dakowski;729-442-822;znajomi
Ewa;Krupka;+8821997584;znajomi
Borys Artur;Warwas;+5475926513;studia
Jagna;Porwich;14 806 55 40;dostawcy
Marta Zofia;Pêpek-Pas³awska;+50990428879;dostawcy
Marta;Szczerba-Rostkowska;085 506 544;dostawcy
Barbara;Katarasiñska;883-286-897;studia
Kornelia;Jurgiel;+25 910 808 096;zablokowani
Kazimierz;Sobierajski;439-02-29;rodzina
Killion;Bielecki;430284967;rodzina
Beata Danuta;Schreiber;+6862355812;praca
Andrzej;Stasiñski;489-57-32;priorytet
Krystyna;Ko³odziej;157-019-584;dostawcy
Kamil Mariusz;Gierada;053 687 748;rodzina
Krystyna;Osos;+8761299016;dostawcy
Ma³gorzata Alicja;Rusecka-Szyde³ko;+80374582764;praca
Kamila;Burzyñska;055 549 486;praca
Józefa;Osos-Jaki;974 233 470;praca
Rajmund;Czech;421393395;rodzina
Stefan;Adamczyk-Miazga;6496142;rodzina
Kazimierz Eugeniusz;Jurgiel;894018560;spam
Tomasz;Uœciñski;211 356 816;priorytet
Maciej;Bañkowski-Wielgus;902-470-477;dostawcy
Urszula;Skowroñska;+5434012018;studia
Beata Izabela;Gowin;+7273731987;rodzina
Janusz;Niesio³owski;851-66-18;znajomi
Jolanta;Chmiel;469 201 683;priorytet
Zofia Teresa;Babinetz;67 785 51 15;znajomi
Przemys³aw Kamil;Olszówka;+96359637132;studia
Waldy;Materna;104743664;zablokowani
Anita;Król-Polak;+27-722-044-952;zablokowani
Marian;Rzoñca;+50 16 155 85 47;dostawcy
Ryszard;Babiarz-Paszyk;555 39 72;studia
Jaros³aw Kornel;Lipiec;707-658-452;praca
Antoni Marian;Mê¿yd³o;2295907;dostawcy
Kamila;Kochan;783731497;praca
Marcin Kornel;Lubnauer;548955695;dostawcy
Janusz Adam;Henczyca-Dworczyk;0308112;znajomi
Halina;Leszczyñska;582327210;spam
Stanis³aw Dariusz;Halicki;257-079-935;znajomi
Bo¿enna Genowefa;Szewczak-Latos;508-47-78;spam
Joanna;Porwich-Porzucek;683862527;rodzina
Dariusz;Buczak;87 114 23 48;rodzina
Halina Anita;Œniadek;0518266;znajomi
Urszula Bernadeta;Olszówka-Jachnik;148 21 56;zablokowani
Beata;Pêpek-Szumilas;018-830-460;studia
Przemys³aw Stefan;Meysztowicz-Protas;901-38-00;spam
Cezary;Baszko;808067901;rodzina
Alicja Danuta;Tokarska;9274410;praca
Bo¿ena Urszula;Pietraszewska;157 70 55;praca
Micha³ Mariusz;Witek;663-384-409;znajomi
Maciej Mieczys³aw;Mordak;624 29 89;praca
Piotr Mieczys³aw;Rzymkowski-Stêpieñ;+05 634 085 672;znajomi
Marzena Danuta;Mê¿yd³o;480-484-977;praca
Marcin;Olejniczak;320-21-92;priorytet
Arkadiusz Henryk;Krajewski;787 820 522;znajomi
Ryszard Tomasz;Kempa-Szefernaker;330231318;znajomi
Ewa;Klawiter-Mateusiak;1957084;dostawcy
Gabriela;B¹k-Pielucha;93 010 79 64;rodzina
Bo¿enna;Liroy;847-902-890;znajomi
Bo¿ena Katarzyna;Micha³ek;777733615;znajomi
Danuta Marzena;Nowicka-Sowa;260973624;dostawcy
Bo¿enna;D³ugi;065-069-074;praca
Robert;Kloc;899 677 661;rodzina
Ma³gorzata Alicja;Tyszka;1025059;znajomi
Krystian Robert;Piechowiak;222-945-329;zablokowani
Rados³aw;B³aszczak;+96115339129;rodzina
Joachim B³a¿ej;Czartoryski;387-028-784;praca
Daniel;Kryj;+22 80 284 58 23;zablokowani
Magdalena;Micha³ek-Janczyk;+42-42-321-18-70;dostawcy
Maria;Smirnow;26-570-33-56;spam
Cezary Mieczys³aw;Cieœliñski-Borowiec;71-668-22-45;rodzina
Arkadiusz Robert;Mas³owski;+95-110-821-788;studia
Witold;Porwich;15-099-34-64;praca
Henryka;Kozanecka-Apel;763-793-014;priorytet
Monika;Katarasiñska;260-622-643;znajomi
Henryka Kinga;Brynkus;609 688 569;spam
W³odzimierz;Mrówczyñski;266 488 666;praca
Rados³aw;Zembaczyñski;246 90 57;spam
Wojciech £ukasz;Rzoñca-Osuch;58-319-90-00;praca
Henryka Teresa;Kukiz-Szczerba;10-200-63-17;dostawcy
Jagna Anna;Szewczak;801-50-24;dostawcy
Teresa Danuta;Drewnowicz;+2877560292;dostawcy
Dorota Ewa;Borowiec;071-263-616;studia
Sylwester;Duda-Gelert;11-727-99-31;studia
Robert;Kopacz-Sosnowski;639170308;rodzina
Katarzyna Bernadeta;Szymañska-Melak;781-112-162;praca
Agata Ewa;Ruszczyk-Macha³ek;5630347;rodzina
Iwona Teresa;Krawczyk;+63783769019;praca
Henryka;Paluch;313 941 812;dostawcy
Killion;Raniewicz;2350291;priorytet
Jakub;Bubula;+93-204-638-014;dostawcy
Iwona Jagna;Ar³ukowicz;590 937 963;rodzina
Miros³awa Bo¿enna;Ma³ecka-Hanajczyk;488224033;priorytet
And¿elika Lidia;Paluch;02-113-83-93;znajomi
W³odzimierz;Galemba-Rz¹sa;74-340-63-04;znajomi
Teresa Bo¿enna;Kwiecieñ;178 827 745;znajomi
Beata;Sasin;613 90 52;praca
Kornelia Zofia;Lenartowicz;551-60-31;dostawcy
Dominik;Brejza;849-78-80;znajomi
Miros³awa;Chmiel-G¹dek;241-52-55;rodzina
Micha³ Andrzej;Lenartowicz-Terlecki;+76-24-690-76-09;praca
Józefa;Szczerba;+4-68-780-51-27;studia
Killion;Paluch;027 50 00;spam
Maria;Raniewicz-Œcigaj;+0-564-907-803;spam
Danuta;Gasiuk;+3 25 983 24 99;praca
Wies³aw;Ko³odziej;367-30-03;zablokowani
Paulina;Kasprzak;812 447 198;spam
S³awomir;Romecki;631-676-878;priorytet
Ma³gorzata;Schreiber;423269947;dostawcy
Adam;Grupiñski;001990957;rodzina
Bo¿enna El¿bieta;Golbik;716173624;znajomi
Andrzej W³adys³aw;Gadowski-Bielecki;22 628 96 26;praca
Krystian Marek;Macierewicz;021167660;dostawcy
Rafa³;Apel-Uruski;400-962-299;dostawcy
Waldy;Nitras;13 271 12 10;znajomi
Rafa³;Kochan;176-849-429;znajomi
Maciej Cezary;Niesio³owski-Ajchler;060165864;dostawcy
Lidia;Krzywonos-Zieliñska;3591826;rodzina
Dorota;Ha³as;+9912880090;znajomi
Barbara Magdalena;Olejniczak;355 106 621;priorytet
Cezary;Nitras-Mas³owski;427-152-775;znajomi
Marta;Hibner-Ha³as;548623391;zablokowani
Mieczys³aw Adam;Kossakowski-Kidawa;+42 238 266 570;rodzina
Piotr;Polaczek;567 100 419;rodzina
Danuta Katarzyna;Matusiewicz-Filipiak;615-756-419;znajomi
Anna;Jach;349464872;praca
Ma³gorzata;Jakubiak;+1647245813;dostawcy
Halina Barbara;Mroczek;107 917 469;praca
Józef Dominik;Olszewski-Moskal;+1-304-623-733;rodzina
Roman;Maliszewski;749535155;studia
Dorota;Jarubas-Schmidt;20 626 54 12;rodzina
Waldy Jaros³aw;Marczu³ajtis;272 386 954;spam
Edward;Arndt;+46984374123;znajomi
Pawe³;Frydrych;+4 024 572 968;rodzina
Antoni;Nykiel;668-498-353;dostawcy
Danuta;£awniczak;+7504625956;rodzina
Krystian Robert;Augustyn;042-20-53;praca
Wies³aw;Mieszkowski;264 41 19;spam
Maria;WoŸniak;750-193-295;rodzina
And¿elika Józefa;Tyszka;791 818 150;rodzina
Leonard Ryszard;Hajos;740186545;praca
Agata Zofia;Szlachta-Skwarek;+03 273 355 156;znajomi
Anita Krystyna;Tomaszewska-Pyzik;299 23 20;spam
Micha³ Wojciech;Grabiec;764078666;rodzina
Alicja Lidia;Matusiewicz-Kaczorowska;217 055 249;praca
Magdalena;Janyska;813 284 370;praca
Mariusz;Koz³owski;983-590-739;znajomi
Marzena Katarzyna;Rusecka-Matuszny;+88-063-404-442;praca
Agata;Rusecka;31 519 44 69;rodzina
Marta Urszula;Gryglas;024 358 484;dostawcy
Cezary;Czochara;292-172-084;praca
S³awomir;Ko³odziej;911-19-91;rodzina
Killion;Czartoryski;159 441 661;rodzina
Beata And¿elika;Arent-Bia³kowska;1973877;dostawcy
Agata;Mrzyg³ocka;872-685-255;dostawcy
Aleksander Waldy;Golbik;174894844;spam
Lech Daniel;Raœ;852 471 342;praca
Teresa Gabriela;¯elazko-Rozpondek;739 499 414;priorytet
Ma³gorzata Marzena;Kwiecieñ;48-335-11-01;spam
Ryszard;Lassota-Kubów;53-038-78-94;rodzina
Joachim;Majka;69-616-20-20;znajomi
£ukasz Kamil;Duda-Lorek;923-179-886;rodzina
Paulina;Chrobak;515 492 671;studia
W³odzimierz;Kobylarz;589 292 394;znajomi
Katarzyna Kornelia;Kopciñska;953634054;zablokowani
Rafa³;Gwiazdowski;+25-765-466-806;praca
Piotr;Lipiñski-Materna;274 615 040;znajomi
Paulina;Sasin;9498829;praca
Norbert Rafa³;Jakubiak;75-415-87-00;studia
Rafa³;Kucharski;55-232-41-18;rodzina
Mieczys³aw Miros³aw;Polak;258167297;dostawcy
Dorota Ma³gorzata;Ko³acz-Piechota;97-386-26-56;znajomi
Stanis³aw Bogdan;Kamiñski;7615610;zablokowani
Anita Jolanta;Milczanowska-Janik;402505481;dostawcy
Jakub;Gosiewski-Hennig;1018071;znajomi
Jolanta;Olszówka;190 983 532;studia
Agata Lidia;Czech;476 16 30;znajomi
Kornel;Lipiñski-Polak;+43-13-603-71-21;spam
Henryka Magdalena;Kosztowniak;498-035-758;rodzina
Aldona;Scheuring-Tomczyk;055920350;zablokowani
Artur;Kidawa;+67782214196;rodzina
Alicja;Krz¹ka³a;554954239;rodzina
Katarzyna Dorota;Kubiak;+9 673 775 537;dostawcy
Kinga Alicja;Jêdrysek;612936003;rodzina
Rajmund;Kaczmarczyk-Mosiñski;361 622 023;dostawcy
Monika Kamila;M³yñczak;301 649 618;rodzina
Waldemar Ryszard;Janczyk;775 46 12;spam
Ewa;Siarka;474566541;spam
Genowefa;Gapiñska-Stachowiak;078 243 031;priorytet
Rajmund Marian;Augustyn;9040572;dostawcy
Ryszard Robert;Brudziñski;810 04 35;studia
And¿elika;Murdzek-Henczyca;207783631;dostawcy
Anita;Budka;345 137 592;znajomi
Kinga;Raniewicz;484986120;studia
Grzegorz Tadeusz;Stachowiak;760-827-594;studia
Agata Maria;Czerwiñska-Schmidt;604840356;znajomi
Iwona;Klawiter-Matuszny;929-400-436;studia
Genowefa El¿bieta;Kamysz;+5 019 550 529;rodzina
Pawe³ Leszek;Kuchciñski-Karpiñski;760 769 225;spam
Dorota;Cieœlak;793409599;zablokowani
Henryka Genowefa;Warwas;454 053 676;spam
Izabela Dorota;Dunin;334256327;spam
Pawe³;Apel;298414672;studia
Halina;Petru-Nowicka;597-371-561;zablokowani
Joanna;Œwiat-Kostuœ;31-461-37-87;priorytet
W³adys³aw;Budka-Rzymkowski;824390308;dostawcy
Aleksander;Œwiêcicki;+4-47-159-83-95;dostawcy
Lidia;Kloc;263-766-433;priorytet
Ewa Gabriela;Ró¿ecka;+4-33-303-36-65;praca
Krzysztof;Drozd;192890587;spam
Gabriela Zofia;Sowa;124052657;znajomi
Przemys³aw Lech;Duda;8549551;praca
Krystyna;Skowroñska-Mroczek;02 711 60 60;dostawcy
Kamila Kornelia;Szarama;337 596 691;priorytet
Anita El¿bieta;Bukiewicz;498863307;praca
Lidia;Micha³kiewicz;456-744-121;rodzina
Magdalena Bo¿enna;Szyd³o;619126871;dostawcy
Marek Leonard;Czerwiñski-Matuszewski;+40-667-192-575;rodzina
Józef Robert;Lassota;701-31-78;praca
Zbigniew;Cyrañski-Gryglas;380747524;znajomi
Józefa;Wassermann;472-046-645;praca
Teresa Paulina;Gosiewska;270-513-714;rodzina
Gabriela Jolanta;Soboñ;726-954-981;dostawcy
Teresa;Borowiak-Siarkowska;957144308;rodzina
S³awomir Joachim;Skwarek-Bortniczuk;+79936751158;rodzina
Krzysztof Marcin;Matusiewicz;136-63-49;dostawcy
Teresa;Lenz-Œniadek;677-557-157;znajomi
Zdzis³aw;Korzeniowski;+5596652445;dostawcy
Józef Witold;Siarka;+5-81-280-32-41;znajomi
Lech;Kaczmarczyk;+74-839-089-267;rodzina
Ma³gorzata;Kaleta;201 603 364;dostawcy
Iwona Genowefa;Budka;409-41-43;zablokowani
Marta Aldona;Kryj;+39398501918;znajomi
Stanis³aw Zbigniew;Gawron;981 463 557;dostawcy
Borys Stanis³aw;Glenc;567787495;spam
Borys;Sz³apka;231 18 45;znajomi
Marian Edward;Szyszko;786-456-417;dostawcy
Agnieszka Ewa;Buda-Pietraszewska;+9 997 018 002;priorytet
Halina Agata;Buda-Gonciarz;+94967479774;rodzina
Aldona;Nykiel-Lipiec;590 36 20;rodzina
Barbara Marzena;Ró¿ecka-Mordak;00-946-09-49;rodzina
Agata;Latos-Tu³ajew;103912944;studia
Gabriela Agnieszka;Warzecha-Jaki;141 689 016;dostawcy
Henryka;Hok;104105781;znajomi
Szymon;Ruszczyk-Bejda;+4-710-362-043;praca
Maria;Hajos;669-80-75;znajomi
Bernadeta;Jach;434399646;zablokowani
Halina Kornelia;Ma³ecka;361797828;zablokowani
Anita;Gasiuk;+41-483-817-701;rodzina
Bo¿enna;Cicholska-¯elazko;308414417;praca
Ewa Dorota;Œledziñska-Kaleta;922-509-149;dostawcy
Leonard;Cichoñ-Janczyk;183 709 573;priorytet
Czes³aw Zbigniew;Hanajczyk-£opata;+13891907434;studia
Jacek Wojciech;Borowiak-Czarnecki;+96-726-715-182;znajomi
El¿bieta Bernadeta;Raœ;+6 66 762 36 86;dostawcy
Robert Edward;Bogucki;292736449;rodzina
Józefa;Jachnik-Papke;+74 896 824 152;rodzina
Anna;Urbaniak;+54 173 989 522;studia
Janusz;Leœniak;677-502-591;studia
Krzysztof W³adys³aw;Mucha-Lassota;+3 696 144 011;rodzina
Wojciech Roman;Skwarek;74 078 86 60;praca
S³awomir Czes³aw;Andzel;37-946-69-83;spam
Bo¿ena;Marchewka;41 510 21 98;spam
Genowefa;W¹sik;+11 88 206 25 88;studia
Arkadiusz;Bartuœ;+6 72 592 59 40;znajomi
Urszula Ma³gorzata;Chybicka;84-252-47-33;praca
Arkadiusz Artur;Gawlik;55 869 43 64;spam
Henryka;Brejza-Golbik;948-510-171;dostawcy
Jan Leonard;Borowiec-Kowalczyk;088 45 24;zablokowani
Aleksander Krzysztof;Ardanowski-Osuch;474-740-618;praca
Waldemar;Kurzêpa;075438075;znajomi
Ryszard;Mê¿yd³o;55-113-47-55;znajomi
Barbara Genowefa;Pêpek;+5-27-281-94-88;rodzina
W³odzimierz;Mosiñski;+58 117 617 069;praca
Anita Halina;Marek;+0-392-025-178;znajomi
Stanis³aw B³a¿ej;Opio³a;562 486 071;dostawcy
Maciej;Krawczyk;+3-694-317-891;znajomi
Lidia Kinga;Ajchler-Chrobak;864847096;studia
Agata Maria;Duda-Frydrych;937762078;zablokowani
Zofia Gabriela;¯elazko;670 85 04;znajomi
Jolanta;Tyszka;727668567;dostawcy
Barbara;Jêdrysek;853-929-886;dostawcy
Józef W³adys³aw;Piotrowicz-Ostrowski;061-82-09;znajomi
Kornel Tomasz;Nykiel;30 447 00 55;rodzina
Ireneusz;Macha³ek-Raniewicz;708 66 64;spam
Miros³awa Izabela;Sibiñska;896835632;rodzina
Henryka;Smirnow-Melak;904 284 743;znajomi
Pawe³;Szefernaker;+8 02 204 63 79;studia
Joanna;Mordak-Kasprzak;066282601;priorytet
Danuta Iwona;£awniczak-Szefernaker;950-594-362;znajomi
Barbara;Szopa;979-047-839;dostawcy
Henryk;Tomczyk;898585550;rodzina
Robert Henryk;Gawron-Nowak;242 37 84;znajomi
Kornelia;Szczurek;226-04-32;rodzina
Janusz Jacek;Niedziela;951 747 383;rodzina
Krystyna Anita;Szramka-Lubnauer;27 674 85 51;rodzina
W³adys³aw Kamil;Kryj-Kwitek;+83 872 848 677;zablokowani
Marta Bo¿enna;Bortniczuk;49 356 19 75;rodzina
Lech Wies³aw;Wójcik;994 405 552;znajomi
Bo¿ena;WoŸniak-Pomaska;7225896;zablokowani
Bartosz Kornel;Gi¿yñski;219380633;studia
Roman Dariusz;Ziemniak-Rosa;95 998 66 47;zablokowani
Borys;Mielewczyk-Apel;736-107-339;znajomi
Barbara Alicja;Rozpondek;896 617 595;priorytet
Marek Dominik;Pihowicz-£awniczak;1149598;znajomi
El¿bieta Ewa;Krynicka-Pêpek;722-194-751;znajomi
Dorota Bernadeta;Hibner-Olejniczak;88-977-12-31;spam
Barbara Anita;Sz³apka;194946461;rodzina
Bo¿ena;Niemczyk-Miazga;+8-43-346-68-83;znajomi
Stanis³aw;Ostrowski;+76231192222;dostawcy
Jaros³aw Kazimierz;Hok;459 934 544;znajomi
Jerzy;Cichoñ;+04503432014;znajomi
Dorota Gabriela;Neumann;390 518 811;zablokowani
Edward;Czartoryski-Jakubiak;+10 152 609 990;priorytet
Marian;Chmielowiec;695-02-64;dostawcy
Agnieszka Alicja;Adamczyk;+52-99-604-44-78;rodzina
Anna Marzena;Niedziela-Krzywonos;698-676-668;rodzina
Piotr Joachim;Lieder;+7 70 119 51 18;rodzina
Agnieszka Paulina;Gryglas;542 661 892;priorytet
Jaros³aw Henryk;Szlachta;2648797;studia
Bo¿ena;Ajchler-Matusiewicz;469547040;rodzina
Kamila;Jach;+8-41-536-31-66;dostawcy
Dorota Beata;Macierewicz-Hora³a;598 848 781;znajomi
Dorota;Janik;763344502;studia
Bernadeta;Cimoszewicz;461-260-900;dostawcy
Paulina;Mateusiak;4536121;rodzina
Antoni;Mroczek-Walczak;377-078-101;praca
Urszula;Kwitek;+62347859315;znajomi
Barbara Bernadeta;Bortniczuk;573-879-699;dostawcy
Piotr Cezary;Dworczyk;005-93-12;studia
Paulina;Mielewczyk-Piotrowicz;956-718-614;praca
Kinga;Piechowiak-Wilk;4954467;priorytet
Kazimierz;Rzepecki;546 928 287;rodzina
Waldy;Nitras;574748464;studia
Czes³aw;Biernacki;675-792-891;dostawcy
Urszula Ma³gorzata;Moskal;487 28 36;dostawcy
Janusz Przemys³aw;Ruciñski;+4 417 108 745;dostawcy
Marzena;Pomaska;+9139556163;studia
£ukasz;Tomczyk;401 25 42;dostawcy
Krystyna;Rusecka;+4 862 042 356;praca
Jacek Robert;B³aszczak;63 304 56 70;priorytet
Kornelia;Lenartowicz;443772304;dostawcy
Teresa Józefa;¯elazko-Mateusiak;+96 181 862 648;praca
Maciej Antoni;Soboñ;58-947-79-46;priorytet
Anita;Tyszkiewicz-Skowroñska;+36231317048;studia
Henryka Ma³gorzata;Pas³awska;990029914;znajomi
Kamil Marcin;Mordak;498425774;znajomi
Rafa³;Macha³ek;666775329;rodzina
Jakub Adam;Soœnierz;8842563;dostawcy
Arkadiusz;Kamiñski;348 198 028;rodzina
Jan Patryk;Szramka;969 030 282;znajomi
Zdzis³aw;Gi¿yñski;180-898-503;znajomi
Danuta Dorota;Marek;307 013 052;rodzina
Józefa;Micha³kiewicz;335-089-382;znajomi
W³adys³aw;Sawicki;+27255068507;rodzina
Mariusz Mieczys³aw;Sz³apka-Ko³acz;183363487;studia
W³odzimierz;Uruski;837640871;dostawcy
Ireneusz B³a¿ej;Ardanowski;105785959;zablokowani
Urszula Bernadeta;Micha³kiewicz;940 371 386;zablokowani
Stefan;Marchewka;618-82-31;spam
Norbert Jakub;Krajewski-Kidawa;300541379;znajomi
Alicja And¿elika;Wargocka-Falfus;675-272-205;praca
Kinga Ma³gorzata;Bejda-Kloska;+5-70-839-89-31;rodzina
Andrzej;Tyszka-Go³ojuch;636-443-000;rodzina
Aldona Kinga;Piotrowicz;680-686-618;praca
Bartosz Leszek;Uœciñski;629-520-926;rodzina
Lech;Skwarek;913388254;studia
Norbert Stanis³aw;Babiarz;223194211;rodzina
Maciej Joachim;Lipiñski;+1-49-776-60-59;rodzina
Kamila;Schmidt;420738364;rodzina
Dominik;Kamiñski;719-07-44;znajomi
Killion Roman;Kasprzak-Arndt;712109483;rodzina
Roman;Sosnowski-Telus;0323490;rodzina
El¿bieta Henryka;Siemoniak-Szyd³o;515925613;rodzina
Gabriela;Misi³o-B³aszczak;367451334;dostawcy
Marzena;Fabisiak;567-686-371;znajomi
Teresa And¿elika;Golbik;544202538;znajomi
Andrzej Pawe³;Galemba;+8178618308;praca
Kornelia Genowefa;Kurzêpa-Marczu³ajtis;639872779;praca
Barbara Kinga;Porzucek;652-705-374;znajomi
El¿bieta;Kidawa;+94-364-455-218;spam
Andrzej Robert;Dziuba;780558993;zablokowani
Jagna Izabela;Janyska;157891276;studia
Alicja Agata;Arciszewska;777-74-08;rodzina
Teresa Krystyna;Melak-Henczyca;+10 77 575 80 08;studia
Marzena;Jakubiak;033 21 10;rodzina
And¿elika;Kryj;75-498-69-66;praca
Kazimierz;Telus-Gosiewski;858 632 395;studia
Józef Rados³aw;Puda;6351990;rodzina
Maciej;Aziewicz-Dobrzyñski;625-012-422;rodzina
Stefan Krystian;Szymañski-Siarka;+9614805037;praca
Agata;Dziuba;21 186 81 15;znajomi
Leonard;Rychlik;716 320 306;praca
Roman;Lubnauer-Gawron;74-512-17-39;zablokowani
Danuta;Paw³owicz;+51-724-043-187;dostawcy
Miros³awa;Sza³abawka;927-615-527;studia
Micha³ Robert;Hibner;1036368;studia
Artur;Ruciñski;396262689;dostawcy
Bo¿enna;Wasilewska-Szefernaker;364-64-24;znajomi
Ryszard Mieczys³aw;Bukiewicz;708 01 21;znajomi
Robert Czes³aw;Ajchler;+80-857-349-730;studia
Henryka Paulina;Kobylarz-Moskal;901-332-203;studia
Anita Beata;Paw³owicz;554 869 787;studia
Agnieszka;Jach;80-805-32-15;priorytet
Cezary Robert;Kwitek;497 871 312;praca
Zdzis³aw;Szymañski;43 046 58 09;zablokowani
Maciej Tadeusz;Maciejewski-Weber;626720433;dostawcy
Wies³aw Cezary;Halicki-Osuch;+2 360 628 414;rodzina
Miros³awa;Nykiel;734196743;praca
Patryk;Dolniak-Gelert;346-967-221;spam
Stefan Wies³aw;Miller-Tomczak;614 533 333;priorytet
Sylwester;Kochan;013842870;praca
Wojciech Arkadiusz;Kierwiñski-Dobrzyñski;241-79-77;spam
Kornel Jacek;Libera;+78-06-524-07-51;znajomi
Genowefa;Sowa;985700429;studia
Kamil;Œcigaj;+82 211 325 335;studia
Urszula Paulina;Czech;073276957;studia
Jakub Marek;Niemczyk;444663637;rodzina
Przemys³aw Antoni;Buczak-Krajewski;539 466 198;dostawcy
Iwona Maria;Petru;794 380 099;praca
Teresa Gabriela;£opata;473217584;rodzina
Lidia;Witczak-Szyde³ko;954-988-926;znajomi
Katarzyna;Dolniak-Marczu³ajtis;570-58-79;rodzina
Beata;Hora³a;851-071-720;priorytet
Marian;Augustyn;795 558 519;studia
W³odzimierz Lech;Ko³acz;97 054 93 48;studia
Waldemar Pawe³;Myrcha-Sprawka;016829747;znajomi
Aldona;Czech;+38 646 890 297;praca
Norbert Robert;Budka-Ma³ecki;+92 657 943 583;rodzina
Monika Barbara;Zembala;865-91-82;zablokowani
Arkadiusz;Rozpondek;001 303 022;rodzina
Katarzyna;Matusiak;58 940 85 78;dostawcy
Katarzyna;Piêta;83-414-46-42;rodzina
Ewa;Kidawa;631 402 179;spam
Marzena Paulina;Munyama;+55 00 067 50 71;znajomi
Ewa;Andruszkiewicz;3770795;dostawcy
Anna;Protasiewicz;575830307;dostawcy
Lidia Teresa;Szyd³o-Pêpek;299303310;studia
Leonard;Miazga;335 395 624;studia
Cezary;Szarama;+6 76 186 87 12;rodzina
Killion;Kamiñski;6346510;rodzina
Alicja Joanna;Smirnow;036301628;rodzina
Szymon Mieczys³aw;Kostuœ;651870873;znajomi
Bernadeta Kinga;Gapiñska-Rafalska;705 263 774;zablokowani
Ireneusz Witold;Mieszkowski;761-113-853;studia
Gabriela Marzena;Protasiewicz;342333400;dostawcy
Joanna;Augustyn;796-939-255;znajomi
Wies³aw Szymon;Sza³abawka;982-208-914;priorytet
Kamila;Porzucek;889-56-72;rodzina
Aldona Iwona;Gawlik;06-236-87-59;dostawcy
Miros³awa;Lassota;060-289-076;znajomi
Sylwester;Puda;055335790;rodzina
Rados³aw Antoni;Rz¹sa;2017954;dostawcy
Halina;Protas-Kosztowniak;115-992-429;dostawcy
Miros³awa;Pyzik;352 16 57;rodzina
Ma³gorzata;Warzecha-Kluzik;727381920;rodzina
Ireneusz;Korzeniowski;76-134-13-14;rodzina
Bo¿ena Bo¿enna;Ha³as-WoŸniak;+4518018971;rodzina
Pawe³ Jan;Gelert;287-21-13;studia
Krystyna;Schreiber;+2999436833;studia
Beata El¿bieta;Wójcik-Golbik;478 87 67;rodzina
Henryk;Hora³a;+05-292-338-312;dostawcy
Lidia Krystyna;Marchewka;014-482-720;znajomi
Agata;Urbaniak;470712697;dostawcy
Barbara;Chybicka;733988765;rodzina
Krzysztof Kazimierz;Mosiñski;+38987086954;dostawcy
Kornelia Izabela;Tomczyk;68-670-13-02;rodzina
Bernadeta Aldona;Rosa-Mordak;721-13-07;studia
Dorota;Gonciarz-Melak;196 196 241;rodzina
Ewa;Sz³apka;+04-748-890-182;znajomi
Czes³aw Maciej;Jurgiel;780867679;spam
Joanna Dorota;Hrynkiewicz;736 034 880;rodzina
Daniel Stefan;Dziedziczak;64 513 01 17;znajomi
Monika Jolanta;£awniczak;918894986;znajomi
Bo¿ena Paulina;Hibner-Soœnierz;79-295-01-58;studia
Waldemar;Grupiñski;+9710468333;spam
Ewa Danuta;Jakubiak;950301227;zablokowani
Katarzyna;Cieœlak;267408611;zablokowani
Agata;Borys-Libera;832-880-503;zablokowani
El¿bieta Magdalena;Marzec-Kaleta;702-002-182;spam
Leszek Kamil;Sitarski-Leœniak;+2692691700;rodzina
Agnieszka And¿elika;Olejniczak-Augustyn;872958957;praca
Grzegorz;Kucharski;820516038;rodzina
Kornelia;Apel;00 663 54 55;spam
Halina Jagna;Sasin;478-366-124;znajomi
Andrzej Marek;Janczyk-Libera;894-044-025;priorytet
Kamil;Kurzêpa;368 473 459;studia
Kornelia;Krawczyk-Wasilewska;880-812-930;studia
S³awomir Stanis³aw;Mateusiak;40 983 97 22;praca
Czes³aw;Telus;+2-36-909-92-64;studia
Zofia Izabela;Gowin;242 794 127;rodzina
Waldemar;Szyd³o;+7805030224;praca
Paulina;Kloska-Rusecka;+88-19-068-23-70;znajomi
Genowefa Bo¿enna;Lassota;+2435628214;studia
Katarzyna;Plocke-Marchewka;401 554 686;rodzina
Joanna;Neumann-Gawlik;716-60-83;studia
Dariusz;Kopacz;871360883;studia
Kamila;Pihowicz;062 17 95;studia
Józef;D³ugi;159-48-65;praca
Mieczys³aw;Babinetz-Plocke;587-056-963;znajomi
And¿elika Barbara;Sibiñska-Borowczak;164-453-230;priorytet
Agata;Sobecka;468 19 39;zablokowani
Katarzyna Beata;WoŸniak;05-054-00-64;studia
Jolanta Halina;D³ugi;933-005-325;znajomi
Agnieszka Bo¿ena;Mucha-Papke;112326106;dostawcy
Teresa Gabriela;Kulesza;811 21 34;priorytet
Katarzyna;Ha³as;498 375 390;znajomi
Arkadiusz;Milewski;610 322 841;dostawcy
Kinga Paulina;Scheuring-Skwarek;+1131955116;rodzina
W³adys³aw Wies³aw;Kamiñski;691 751 991;rodzina
Zbigniew;Hajos;+40-89-199-73-27;praca
Iwona;B³aszczak-Liroy;+9466770126;rodzina
Artur Szymon;Dobrzyñski;+65 814 933 998;rodzina
Maria;Milczanowska-Melak;245251456;praca
Rajmund;Drozd-Szopa;328-404-911;dostawcy
Grzegorz Aleksander;Jachnik;2208157;rodzina
Mariusz Joachim;Romecki-Budka;105 01 46;praca
Gabriela;Kamiñska;+6821779316;rodzina
Killion;Leszczyna;26-825-09-81;praca
Grzegorz Stefan;Cimoszewicz;451289075;znajomi
Krystian Wies³aw;Polak;548155561;rodzina
Jolanta Teresa;Tyszka;211 631 754;rodzina
And¿elika Agata;Œledziñska;86-331-21-34;znajomi
Arkadiusz Jakub;Krzywonos;939186598;dostawcy
Ireneusz;¯mijan;+85-95-000-26-89;znajomi
Jacek;Warwas;+8983732954;studia
Gabriela Danuta;Schetyna-Bubula;967-697-378;dostawcy
Joachim;Brejza-Szopa;889-49-22;priorytet
Genowefa;Zwiercan-Mrzyg³ocka;9360981;priorytet
Jan Marian;Ajchler;170 341 854;rodzina
Marzena Danuta;B¹k-Marczu³ajtis;510-55-79;zablokowani
Krystyna;Soboñ;+66 13 767 92 14;praca
Rados³aw;Czarnecki;+56-78-034-06-61;rodzina
Izabela Zofia;Wargocka;413-61-65;rodzina
Bo¿ena;Stêpieñ;8364772;spam
Dariusz Edward;Krawczyk-Gawlik;818 95 18;spam
Adam Józef;Gierada;323722225;znajomi
S³awomir;Schetyna-Zwiercan;457 665 175;praca
Marzena;Piechowiak;678-618-104;znajomi
Genowefa Bo¿ena;Ko³acz-Dolniak;995-716-610;spam
Rados³aw;G¹dek;218523670;zablokowani
Genowefa;Szyd³owska;+76 515 871 779;praca
Norbert;Myrcha-Szyde³ko;222 976 594;studia
Barbara Magdalena;Szopa;393 484 562;studia
El¿bieta;Rusecka;094 228 400;rodzina
Dariusz;Niesio³owski;53 156 61 55;dostawcy
W³adys³aw;Cymañski;+23904173504;rodzina
Marek Roman;Jaskó³a;247-81-00;zablokowani
Lech;Szlachta;090 611 990;znajomi
Agnieszka Kamila;Lipiec;661 812 849;znajomi
Beata Agnieszka;Nitras;757-174-560;znajomi
Marian;Gierada;+75-362-518-885;znajomi
Kornel;Fabisiak-Biernacki;775 647 944;praca
Krzysztof;Matusiewicz;109 20 15;praca
Anna;Wróblewska;28-323-37-07;rodzina
Daniel;Waszczykowski;46-620-59-74;rodzina
Halina Monika;Kloc;+6723679750;studia
Roman Micha³;Kaczyñski;349927928;spam
Marzena;Rutkowska;272493589;dostawcy
And¿elika;D³ugi-Gawron;871 89 44;znajomi
Dariusz Szymon;Sowa;+2552315789;rodzina
Katarzyna Kamila;Munyama;8549546;studia
And¿elika;Kostuœ;32 171 07 46;rodzina
Dorota Miros³awa;Nemœ;918810460;rodzina
Zofia;Leszczyna;+63-28-515-48-85;rodzina
Kinga Kamila;Milczanowska;237 61 29;studia
Bartosz;Malik-Micha³ek;625-60-86;praca
Krystyna Magdalena;Jaki;446 41 32;znajomi
Wojciech;Hok;05 924 88 79;praca
Zbigniew Robert;Misi³o;415 387 552;spam
Pawe³;Kurzêpa;512147735;znajomi
Genowefa Aldona;Parda;935927374;znajomi
Marek Jan;Brynkus;17 542 75 37;rodzina
W³adys³aw;Chmielowiec;014980382;priorytet
Przemys³aw;Neumann-Winnicki;57 454 58 26;dostawcy
Lidia Kornelia;Mroczek;522986121;priorytet
Genowefa;Kempa;810-20-70;dostawcy
Micha³;Sza³abawka;+3255798133;praca
Leszek Szymon;Kosiniak;800008420;dostawcy
Bogdan;Maciejewski;292-635-816;rodzina
Jagna Halina;Kaczmarczyk-Piechota;338-180-602;znajomi
Lidia;Rostkowska-Cimoszewicz;685506682;spam
Bo¿ena;Siemoniak;076 90 22;znajomi
Urszula Paulina;Biernat;+1758733844;praca
Halina Gabriela;Kryj-Raœ;422 944 009;dostawcy
Przemys³aw;W¹sik;+33423433239;studia
Krystian Przemys³aw;Lipiec;25 448 04 61;praca
Krzysztof;Warwas;517759550;praca
Halina;Gasiuk;578 16 67;praca
Joanna Marta;Kubiak;738-45-56;priorytet
Wojciech Przemys³aw;Chmiel;+9108427165;znajomi
Agnieszka Paulina;Ziemniak;4287421;studia
Alicja Urszula;Tu³ajew;+47-863-858-194;znajomi
Roman Maciej;Babiarz;373-445-653;rodzina
Cezary;Zgorzelski;+78-681-841-779;znajomi
Przemys³aw;Babalski;969 02 42;praca
Aleksander;Plocke;2650922;znajomi
Monika Agata;Libera;053-986-063;znajomi
And¿elika Barbara;Kempa-Stachowiak;458 734 397;spam
Waldemar;Andruszkiewicz-Kropiwnicki;+94-602-559-705;spam
Jacek Arkadiusz;Szyde³ko;335-339-939;znajomi
Rajmund;WoŸniak;165546904;dostawcy
Jolanta;Piêta;62 845 22 60;studia
Henryka;Ziemniak;278754413;znajomi
Paulina Anita;Galla;+53 695 621 648;praca
B³a¿ej;Piechota;585-751-208;znajomi
Zdzis³aw;Maliszewski-Uruski;40 751 38 74;zablokowani
Ryszard;Czabañski;928 999 741;dostawcy
Józef Cezary;Hok-Biernacki;113-487-297;rodzina
Marcin Antoni;Morawiecki;997-93-23;rodzina
Danuta Genowefa;Hok;+39-57-806-88-70;rodzina
Patryk Borys;Gierada;681-20-48;znajomi
And¿elika;Biernat;207-393-717;dostawcy
Anna Katarzyna;Dziuk-Zwiercan;99-932-21-58;studia
Kinga Jagna;Kozanecka;+2-113-994-182;zablokowani
Bernadeta;Ko³acz-Babiarz;+5544273109;studia
Maria;Kidawa-Sibiñska;424-191-577;praca
Cezary;Pampuch-Arent;951 647 766;dostawcy
Artur;Grupiñski;+87-256-288-630;praca
Lidia;Babinetz;006-658-462;studia
Agata Anna;Hrynkiewicz-Hanajczyk;328 867 486;studia
Daniel;Polaczek;77 128 01 60;znajomi
Krystyna;Cicholska-Soboñ;849 74 26;praca
Tomasz;Tomczak;296-526-157;dostawcy
Micha³ Eugeniusz;Warzecha;26-420-31-98;rodzina
Alicja;WoŸniak;+1 880 338 091;dostawcy
Dariusz;Kwiecieñ;065 888 997;rodzina
Roman;Kaczmarczyk-Ko³akowski;1605115;rodzina
Krystyna And¿elika;Chmielowiec;2846079;praca
Maciej S³awomir;Ardanowski;499 388 866;studia
Daniel;Puda-Jaki;477 25 66;praca
Kornel;Pihowicz;+9 304 825 516;znajomi
Marcin;Gelert;0666267;praca
Eugeniusz;Chruszcz-Morawiecki;271 081 488;studia
Dorota Beata;Walczak-Chmielowiec;75-731-93-62;studia
Kinga;Papke-Œniadek;0841048;praca
Alicja;Warwas;2710536;studia
Jolanta Jagna;Kidawa;460-437-186;dostawcy
Killion Jerzy;Grabarczyk-Augustyn;156-263-941;zablokowani
Monika Kamila;Szyd³o-Munyama;40-534-99-28;rodzina
S³awomir Pawe³;Œwiat;517 757 562;rodzina
B³a¿ej Miros³aw;Rosa;+58-992-280-377;praca
Kamila Gabriela;K³opotek;436913893;znajomi
Waldy;Kloc-Nemœ;042848303;priorytet
